<?xml version="1.0" encoding="UTF-8"?>
<beans xmlns="http://www.springframework.org/schema/beans"
	xmlns:xsi="http://www.w3.org/2001/XMLSchema-instance" 
	xmlns:p="http://www.springframework.org/schema/p"
	xmlns:util="http://www.springframework.org/schema/util"
	xmlns:context="http://www.springframework.org/schema/context"
	xsi:schemaLocation="
       http://www.springframework.org/schema/beans 
       http://www.springframework.org/schema/beans/spring-beans-3.0.xsd
       http://www.springframework.org/schema/util 
       http://www.springframework.org/schema/util/spring-util-3.0.xsd
       http://www.springframework.org/schema/context
       http://www.springframework.org/schema/context/spring-context-3.0.xsd">
       
	<!-- TODO customerServiceProxy -->
	<bean id="customerServiceProxy" class="cs544.exercise25_1.service.CustomerServiceProxy">
		<property name="restTemplate" ref="restTemplate"/>
	</bean>
	
	<bean id="shopListServiceProxy" class="cs544.exercise25_1.client.ShopListServiceProxy">
		<property name="restTemplate" ref="restTemplate"/>
	</bean>

	<bean id="restTemplate" class="org.springframework.web.client.RestTemplate">
		<property name="messageConverters">
			<list>
				<bean class="org.springframework.http.converter.xml.MarshallingHttpMessageConverter">
					<property name="marshaller" ref="marshaller"/>
					<property name="unmarshaller" ref="marshaller"/>
				</bean>
			</list>
		</property>
	</bean>
	
	<bean id="marshaller" class="org.springframework.oxm.jaxb.Jaxb2Marshaller">
		<property name="contextPath" value="cs544.exercise25_1.generated.shoppingList:cs544.exercise25_1.generated.customer"/>
	</bean>	
	
</beans>