<?xml version="1.0" encoding="UTF-8"?>
<beans xmlns="http://www.springframework.org/schema/beans"
     xmlns:xsi="http://www.w3.org/2001/XMLSchema-instance"
     xmlns:aop="http://www.springframework.org/schema/aop"
     xmlns:tx="http://www.springframework.org/schema/tx"
     xsi:schemaLocation="
     http://www.springframework.org/schema/beans 
     http://www.springframework.org/schema/beans/spring-beans-3.0.xsd
     http://www.springframework.org/schema/tx
     http://www.springframework.org/schema/tx/spring-tx-3.0.xsd
     http://www.springframework.org/schema/aop 
     http://www.springframework.org/schema/aop/spring-aop-3.0.xsd">

	<bean id="greetingService" class="cs544.exercise25_2.service.GreetingService">
		<property name="greeting" value="Hello" />
	</bean>

	<bean id="calculatorService" class="cs544.exercise25_2.service.CalculatorService">
		<property name="value" value="5" />
	</bean>



	<bean name="/GreetingService" class="org.springframework.remoting.httpinvoker.HttpInvokerServiceExporter">
		<property name="service" ref="greetingService" />
		<property name="serviceInterface" value="cs544.exercise25_2.service.IGreeting" />
	</bean>

	<bean name="/CalculatorService" class="org.springframework.remoting.httpinvoker.HttpInvokerServiceExporter">
		<property name="service" ref="calculatorService" />
		<property name="serviceInterface" value="cs544.exercise25_2.service.ICalculator" />
	</bean>

</beans>