<?xml version="1.0" encoding="UTF-8"?>
<beans xmlns="http://www.springframework.org/schema/beans"
       xmlns:xsi="http://www.w3.org/2001/XMLSchema-instance"
       xmlns:context="http://www.springframework.org/schema/context"
       xmlns:tx="http://www.springframework.org/schema/tx"
       xsi:schemaLocation="http://www.springframework.org/schema/beans
           http://www.springframework.org/schema/beans/spring-beans-3.1.xsd
           http://www.springframework.org/schema/context
           http://www.springframework.org/schema/context/spring-context-3.1.xsd
           http://www.springframework.org/schema/tx
           http://www.springframework.org/schema/tx/spring-tx-3.0.xsd">

    <context:annotation-config/>
    <bean id="accountService" class="cs544.exercise16_1.bank.service.AccountService"/>
    <bean class="cs544.exercise16_1.bank.dao.AccountDAO"/>
    <bean class="cs544.exercise16_1.bank.service.CurrencyConverter"/>
    <bean class="cs544.exercise16_1.bank.jms.JMSSender"/>
    <bean class="cs544.exercise16_1.bank.logging.Logger"/>

    <bean id="sessionFactory"
          class="org.springframework.orm.hibernate5.LocalSessionFactoryBean">
        <property name="dataSource" ref="dataSource"/>
        <property name="hibernateProperties" ref="hibernateProperties"/>
        <property name="annotatedClasses">
            <list>
                <value>cs544.exercise16_1.bank.domain.Account</value>
                <value>cs544.exercise16_1.bank.domain.AccountEntry</value>
                <value>cs544.exercise16_1.bank.domain.Customer</value>
            </list>
        </property>
    </bean>

    <bean id="dataSource" class="org.springframework.jdbc.datasource.DriverManagerDataSource">
        <property name="driverClassName" value="com.mysql.jdbc.Driver"/>
        <property name="url" value="jdbc:mysql://localhost:3306/springhomework"/>
        <property name="username" value="root"/>
        <property name="password" value=""/>

    </bean>

    <bean id="hibernateProperties"
          class="org.springframework.beans.factory.config.PropertiesFactoryBean">
        <property name="properties">
            <props>
                <prop key="hibernate.hbm2ddl.auto">create</prop>
                <prop key="hibernate.dialect">org.hibernate.dialect.MySQL5Dialect</prop>
                <prop key="connection.pool.size">1</prop>
                <prop key="hibernate.show_sql">true</prop>
                <!--
                <prop key="hibernate.current_session_context_class">thread</prop>
                -->
            </props>
        </property>
    </bean>

    <tx:annotation-driven transaction-manager="txManager" proxy-target-class="true"/>
    <bean id="txManager" class="org.springframework.orm.hibernate5.HibernateTransactionManager">
        <property name="sessionFactory" ref="sessionFactory"/>
    </bean>

</beans>