<?xml version="1.0" encoding="UTF-8"?>
<beans xmlns="http://www.springframework.org/schema/beans"
       xmlns:xsi="http://www.w3.org/2001/XMLSchema-instance"
       xmlns:aop="http://www.springframework.org/schema/aop"
       xmlns:tx="http://www.springframework.org/schema/tx"
       xsi:schemaLocation="
     http://www.springframework.org/schema/beans 
     http://www.springframework.org/schema/beans/spring-beans-3.0.xsd
     http://www.springframework.org/schema/tx
     http://www.springframework.org/schema/tx/spring-tx-3.0.xsd
     http://www.springframework.org/schema/aop 
     http://www.springframework.org/schema/aop/spring-aop-3.0.xsd">

    <bean id="greetingHttpInvokerProxy" class="org.springframework.remoting.httpinvoker.HttpInvokerProxyFactoryBean">
        <property name="serviceUrl" value="http://localhost:8080/GreetingService"/>
        <property name="serviceInterface" value="cs544.exercise25_2.service.IGreeting"/>
    </bean>

    <bean id="calculatorHttpInvokerProxy" class="org.springframework.remoting.httpinvoker.HttpInvokerProxyFactoryBean">
        <property name="serviceUrl" value="http://localhost:8080/CalculatorService"/>
        <property name="serviceInterface" value="cs544.exercise25_2.service.ICalculator"/>
    </bean>

</beans>