<?xml version="1.0" encoding="UTF-8"?>
<beans:beans xmlns="http://www.springframework.org/schema/security"
             xmlns:beans="http://www.springframework.org/schema/beans"
             xmlns:xsi="http://www.w3.org/2001/XMLSchema-instance"
             xsi:schemaLocation="http://www.springframework.org/schema/beans
             http://www.springframework.org/schema/beans/spring-beans-3.0.xsd
             http://www.springframework.org/schema/security
             http://www.springframework.org/schema/security/spring-security-4.2.xsd">

    <beans:bean id="webSecurityExpressionHandler" class="org.springframework.security.web.access.expression.DefaultWebSecurityExpressionHandler" />

    <http use-expressions="false">
        <intercept-url pattern="/cars" access="IS_AUTHENTICATED_ANONYMOUSLY"/>
        <intercept-url pattern="/cars/*" access="ROLE_USER"/>
        <form-login login-page="/login" default-target-url="/cars" authentication-failure-url="/login?error"/>
        <logout logout-url="/logout" logout-success-url="/login" />
    </http>

    <authentication-manager>
        <authentication-provider>
            <user-service>
                <user name="test" password="{noop}123" authorities="ROLE_USER, ROLE_ADMIN"/>
                <user name="bob" password="{noop}bobiscool" authorities="ROLE_USER"/>
            </user-service>
        </authentication-provider>
    </authentication-manager>

</beans:beans>